{"cameraMode":{"drawMode":0,"name":"Shaded","section":"Shading Mode"},"sceneLighting":true,"audioPlay":false,"sceneViewState":{"showFog":true,"showMaterialUpdate":false,"showSkybox":true,"showFlares":true,"showImageEffects":true,"showParticleSystems":true},"in2DMode":false,"pivot":{"x":23.133434295654298,"y":-6.254170894622803,"z":29.020801544189454},"rotation":{"x":-0.26736879348754885,"y":-0.22657206654548646,"z":0.06483428925275803,"w":-0.934336245059967},"size":46.494300842285159,"orthographic":false}