{"cameraMode":{"drawMode":0,"name":"Shaded","section":"Shading Mode"},"sceneLighting":true,"audioPlay":false,"sceneViewState":{"showFog":true,"showMaterialUpdate":false,"showSkybox":true,"showFlares":true,"showImageEffects":true,"showParticleSystems":true},"in2DMode":false,"pivot":{"x":0.33524608612060549,"y":2.7361373901367189,"z":12.388359069824219},"rotation":{"x":-0.044858019798994067,"y":-0.952961266040802,"z":0.24352897703647614,"w":-0.1751822829246521},"size":47.268611907958987,"orthographic":false}