{"cameraMode":{"drawMode":0,"name":"Shaded","section":"Shading Mode"},"sceneLighting":true,"audioPlay":false,"sceneViewState":{"showFog":true,"showMaterialUpdate":false,"showSkybox":true,"showFlares":true,"showImageEffects":true,"showParticleSystems":true},"in2DMode":false,"pivot":{"x":-17.432218551635743,"y":12.612894058227539,"z":3.4832637310028078},"rotation":{"x":-0.17131935060024262,"y":-0.6819925904273987,"z":0.16859596967697144,"w":-0.6909195184707642},"size":22.0,"orthographic":false}