{"cameraMode":{"drawMode":0,"name":"Shaded","section":"Shading Mode"},"sceneLighting":true,"audioPlay":false,"sceneViewState":{"showFog":true,"showMaterialUpdate":false,"showSkybox":true,"showFlares":true,"showImageEffects":true,"showParticleSystems":true},"in2DMode":false,"pivot":{"x":-2.4928624629974367,"y":6.691153049468994,"z":-1.7214406728744507},"rotation":{"x":-0.04692870005965233,"y":-0.948688805103302,"z":0.263168066740036,"w":-0.16908852756023408},"size":11.599592208862305,"orthographic":false}