{"cameraMode":{"drawMode":0,"name":"Shaded","section":"Shading Mode"},"sceneLighting":true,"audioPlay":false,"sceneViewState":{"showFog":true,"showMaterialUpdate":false,"showSkybox":true,"showFlares":true,"showImageEffects":true,"showParticleSystems":true},"in2DMode":false,"pivot":{"x":169.90501403808595,"y":255.6623992919922,"z":-76.47206115722656},"rotation":{"x":-0.018293792381882669,"y":-0.0138015765696764,"z":-0.000025993067538365722,"w":0.9998448491096497},"size":174.25457763671876,"orthographic":false}