{"cameraMode":{"drawMode":0,"name":"Shaded","section":"Shading Mode"},"sceneLighting":true,"audioPlay":false,"sceneViewState":{"showFog":true,"showMaterialUpdate":false,"showSkybox":true,"showFlares":true,"showImageEffects":true,"showParticleSystems":true},"in2DMode":false,"pivot":{"x":3.6837754249572756,"y":8.003174781799317,"z":15.48330020904541},"rotation":{"x":0.0034810886718332769,"y":0.9745710492134094,"z":-0.22429002821445466,"w":0.013647952117025853},"size":34.36129379272461,"orthographic":false}