{"cameraMode":{"drawMode":0,"name":"Shaded","section":"Shading Mode"},"sceneLighting":true,"audioPlay":false,"sceneViewState":{"showFog":true,"showMaterialUpdate":false,"showSkybox":true,"showFlares":true,"showImageEffects":true,"showParticleSystems":true},"in2DMode":false,"pivot":{"x":-39.800907135009769,"y":1.3298102617263795,"z":-7.721519947052002},"rotation":{"x":0.49187585711479189,"y":-0.005714479833841324,"z":0.0033389218151569368,"w":0.8707330822944641},"size":5.321085453033447,"orthographic":false}